Workbook

Sheet Instructions
A1: Mobile Gallery - Daily Worksheet
A2: How to use this file / इस फाइल का इस्तेमाल कैसे करें
A4: Topic / विषय | B4: In English | C4: हिंदी में सरल भाषा
A5: Master sheet मास्टर शीट | B5: Master holds prices and client details. Yellow cells are editable. Update prices here anytime - Price List picks them up automatically. | C5: मास्टर में रेट और ग्राहक की जानकारी है। पीले खाने बदल सकते हैं। यहाँ रेट बदलो - Price List में अपने आप आ जाएगा।
A6: Show Full Name column Show Full Name कॉलम | B6: In Master, column C. Pick "Yes" for a client to make their dropdown value read "CODE - Full Name" (e.g. "FS - Fountainhead School"). Leave as "No" to show just the code ("FS"). The Display column (D) auto-computes what appears in the dropdown. | C6: मास्टर के C कॉलम में। किसी ग्राहक के लिए "Yes" चुनो तो ड्रॉपडाउन में "CODE - पूरा नाम" (जैसे "FS - Fountainhead School") दिखेगा। "No" रखो तो सिर्फ code ("FS")। Display कॉलम (D) अपने आप बना देता है।
A7: Purchase List खरीदी लिस्ट | B7: Fill Date. In row 4 pick each client from the yellow header dropdowns. For each item row: pick ITEM, then type quantity for each client. UNIT and TOTAL fill automatically. | C7: तारीख भरें। पंक्ति 4 में ड्रॉपडाउन से ग्राहक चुनें। हर लाइन: चीज़ चुनें, फिर हर ग्राहक की मात्रा लिखें। यूनिट और कुल जोड़ अपने आप।
A8: Price List प्राइस लिस्ट | B8: Fill Date, pick Customer from dropdown. Pick items - rate auto-fills from Master. To quote a different price to this customer, type over the rate cell. | C8: तारीख भरें, ग्राहक चुनें। चीज़ें चुनें - रेट मास्टर से आ जाएगा। अलग रेट बताना है तो रेट के खाने में ऊपर से नया नंबर लिख दो।
A9: Update a price रेट बदलें | B9: One step: Master sheet, column I. Any rate cell in Price List that you have NOT typed over updates automatically. | C9: एक कदम: मास्टर शीट, I कॉलम। Price List में जहाँ आपने खुद नहीं लिखा है वो अपने आप बदल जाएगा।
A10: Add a NEW item / client नयी चीज़ / ग्राहक | B10: One-time: just type it in the yellow cell. Excel/Calc may warn - click 'Yes' to keep it. Permanent (in dropdown): send us the new item / client and we'll rebuild the file. | C10: एक बार के लिए: पीले खाने में सीधे लिख दो। Warning आए तो 'Yes' दबा दो। पक्का ड्रॉपडाउन में जोड़ना है: हमें भेजो, फाइल फिर से बना देंगे।
A11: Print प्रिंट | B11: Ctrl + P. Purchase List prints landscape, Price List prints portrait. Long client names wrap onto multiple lines so they still print in full. | C11: Ctrl + P दबाओ। खरीदी लिस्ट landscape, प्राइस लिस्ट portrait में। लंबे ग्राहक नाम कई लाइन में wrap होकर पूरे प्रिंट होंगे।
A12: Save daily copy रोज़ नई फाइल | B12: File > Save As before starting a new day. Then clear the yellow cells. Master stays untouched. | C12: नए दिन से पहले File > Save As। फिर पीले खाने खाली कर दो। मास्टर वैसे ही।
A13: Colour guide रंग समझें | B13: Yellow = editable. Blue = auto-calculated. Dark = header, do not touch. | C13: पीला = बदल सकते हैं। नीला = अपने आप। गहरा = हैडर।

Sheet Master
A1: Master Data - Mobile Gallery
A2: Yellow cells are editable. Tick "Yes" in the Show Full Name column to make that client appear in dropdowns as "CODE - Full Name" instead of just "CODE".
A4: Code | B4: Client / Customer Name | C4: Show Full Name | D4: Display (auto) | F4: Category | G4: Item | H4: Default Unit | I4: Price (Rs.) | K4: Units
A5: FS | B5: Fountainhead School | C5: No | D5: =IF(A5="","",IF(C5="Yes",A5&" - "&B5,A5)) | F5: VEG | G5: POTATO | H5: KG | K5: KG
A6: GD | B6: G International-1 (Dandi) | C6: No | D6: =IF(A6="","",IF(C6="Yes",A6&" - "&B6,A6)) | F6: VEG | G6: ONION | H6: KG | K6: DOZEN
A7: GDG | B7: G International-2 (DG Corp) | C7: No | D7: =IF(A7="","",IF(C7="Yes",A7&" - "&B7,A7)) | F7: VEG | G7: TOMATO | H7: KG | K7: PCS
A8: GM | B8: Gyan Mudra | C8: No | D8: =IF(A8="","",IF(C8="Yes",A8&" - "&B8,A8)) | F8: VEG | G8: GARLIC (LASUN) | H8: KG | K8: GM
A9: JNVV | B9: JNV (Vankal) | C9: No | D9: =IF(A9="","",IF(C9="Yes",A9&" - "&B9,A9)) | F9: VEG | G9: GINGER (ADRAK) | H9: KG | K9: PACKET
A10: JNVB | B10: JNV (Bhajipura) | C10: No | D10: =IF(A10="","",IF(C10="Yes",A10&" - "&B10,A10)) | F10: VEG | G10: GREEN CHILLY | H10: KG | K10: BUNCH
A11: GKU | B11: Gurukrupa (Udhna) | C11: No | D11: =IF(A11="","",IF(C11="Yes",A11&" - "&B11,A11)) | F11: VEG | G11: FAFADA MIRCH | H11: KG | K11: BUNDLE
D12: =IF(A12="","",IF(C12="Yes",A12&" - "&B12,A12)) | F12: VEG | G12: CORIANDER (DHANIYA) | H12: KG | K12: BOX
D13: =IF(A13="","",IF(C13="Yes",A13&" - "&B13,A13)) | F13: VEG | G13: KOBICH | H13: KG | K13: CRATE
D14: =IF(A14="","",IF(C14="Yes",A14&" - "&B14,A14)) | F14: VEG | G14: GAULI FLOWER | H14: KG | K14: LITRE
D15: =IF(A15="","",IF(C15="Yes",A15&" - "&B15,A15)) | F15: VEG | G15: BINAPATTE KA FLOWER | H15: KG | K15: GUNI
D16: =IF(A16="","",IF(C16="Yes",A16&" - "&B16,A16)) | F16: VEG | G16: LAUKI | H16: KG
D17: =IF(A17="","",IF(C17="Yes",A17&" - "&B17,A17)) | F17: VEG | G17: BHINDI | H17: KG
D18: =IF(A18="","",IF(C18="Yes",A18&" - "&B18,A18)) | F18: VEG | G18: BRINJAL | H18: KG
D19: =IF(A19="","",IF(C19="Yes",A19&" - "&B19,A19)) | F19: VEG | G19: TINDORA | H19: KG
D20: =IF(A20="","",IF(C20="Yes",A20&" - "&B20,A20)) | F20: VEG | G20: PARVAL | H20: KG
D21: =IF(A21="","",IF(C21="Yes",A21&" - "&B21,A21)) | F21: VEG | G21: TURIYA | H21: KG
D22: =IF(A22="","",IF(C22="Yes",A22&" - "&B22,A22)) | F22: VEG | G22: SIMLA MIRCH | H22: KG
D23: =IF(A23="","",IF(C23="Yes",A23&" - "&B23,A23)) | F23: VEG | G23: FANSI | H23: KG
D24: =IF(A24="","",IF(C24="Yes",A24&" - "&B24,A24)) | F24: VEG | G24: GUVAR | H24: KG
D25: =IF(A25="","",IF(C25="Yes",A25&" - "&B25,A25)) | F25: VEG | G25: SARAGVA SING | H25: KG
D26: =IF(A26="","",IF(C26="Yes",A26&" - "&B26,A26)) | F26: VEG | G26: GREEN PEACE | H26: KG
D27: =IF(A27="","",IF(C27="Yes",A27&" - "&B27,A27)) | F27: VEG | G27: KATARGAM PAP | H27: KG
... D76: =IF(A76="","",IF(C76="Yes",A76&" - "&B76,A76)) | F76: OTHER | G76: PAV BHAJI / DABELI PAV | H76: PCS
D77: =IF(A77="","",IF(C77="Yes",A77&" - "&B77,A77))
D78: =IF(A78="","",IF(C78="Yes",A78&" - "&B78,A78))
D79: =IF(A79="","",IF(C79="Yes",A79&" - "&B79,A79))
D80: =IF(A80="","",IF(C80="Yes",A80&" - "&B80,A80))
D81: =IF(A81="","",IF(C81="Yes",A81&" - "&B81,A81))
D82: =IF(A82="","",IF(C82="Yes",A82&" - "&B82,A82))
D83: =IF(A83="","",IF(C83="Yes",A83&" - "&B83,A83))
D84: =IF(A84="","",IF(C84="Yes",A84&" - "&B84,A84))
D85: =IF(A85="","",IF(C85="Yes",A85&" - "&B85,A85))
D86: =IF(A86="","",IF(C86="Yes",A86&" - "&B86,A86))
D87: =IF(A87="","",IF(C87="Yes",A87&" - "&B87,A87))
D88: =IF(A88="","",IF(C88="Yes",A88&" - "&B88,A88))
... D100: =IF(A100="","",IF(C100="Yes",A100&" - "&B100,A100))

Sheet Purchase List
A1: Purchase List - Mobile Gallery | R1: =IF(Master!D5="","",Master!D5)
A2: Date | D2: Notes | R2: =IF(Master!D6="","",Master!D6)
R3: =IF(Master!D7="","",Master!D7)
A4: SR | B4: ITEM | C4: UNIT | P4: TOTAL | R4: =IF(Master!D8="","",Master!D8)
A5: 1 | C5: =IF(B5="","",IF(ISNA(MATCH(B5,Master!$G$5:$G$200,0)),"",INDEX(Master!$H$5:$H$200,MATCH(B5,Master!$G$5:$G$200,0)))) | P5: =IF(SUM(D5:O5)=0,"",SUM(D5:O5)) | R5: =IF(Master!D9="","",Master!D9)
A6: 2 | C6: =IF(B6="","",IF(ISNA(MATCH(B6,Master!$G$5:$G$200,0)),"",INDEX(Master!$H$5:$H$200,MATCH(B6,Master!$G$5:$G$200,0)))) | P6: =IF(SUM(D6:O6)=0,"",SUM(D6:O6)) | R6: =IF(Master!D10="","",Master!D10)
A7: 3 | C7: =IF(B7="","",IF(ISNA(MATCH(B7,Master!$G$5:$G$200,0)),"",INDEX(Master!$H$5:$H$200,MATCH(B7,Master!$G$5:$G$200,0)))) | P7: =IF(SUM(D7:O7)=0,"",SUM(D7:O7)) | R7: =IF(Master!D11="","",Master!D11)
A8: 4 | C8: =IF(B8="","",IF(ISNA(MATCH(B8,Master!$G$5:$G$200,0)),"",INDEX(Master!$H$5:$H$200,MATCH(B8,Master!$G$5:$G$200,0)))) | P8: =IF(SUM(D8:O8)=0,"",SUM(D8:O8)) | R8: =IF(Master!D12="","",Master!D12)
A9: 5 | C9: =IF(B9="","",IF(ISNA(MATCH(B9,Master!$G$5:$G$200,0)),"",INDEX(Master!$H$5:$H$200,MATCH(B9,Master!$G$5:$G$200,0)))) | P9: =IF(SUM(D9:O9)=0,"",SUM(D9:O9)) | R9: =IF(Master!D13="","",Master!D13)
A10: 6 | C10: =IF(B10="","",IF(ISNA(MATCH(B10,Master!$G$5:$G$200,0)),"",INDEX(Master!$H$5:$H$200,MATCH(B10,Master!$G$5:$G$200,0)))) | P10: =IF(SUM(D10:O10)=0,"",SUM(D10:O10)) | R10: =IF(Master!D14="","",Master!D14)
A11: 7 | C11: =IF(B11="","",IF(ISNA(MATCH(B11,Master!$G$5:$G$200,0)),"",INDEX(Master!$H$5:$H$200,MATCH(B11,Master!$G$5:$G$200,0)))) | P11: =IF(SUM(D11:O11)=0,"",SUM(D11:O11)) | R11: =IF(Master!D15="","",Master!D15)
A12: 8 | C12: =IF(B12="","",IF(ISNA(MATCH(B12,Master!$G$5:$G$200,0)),"",INDEX(Master!$H$5:$H$200,MATCH(B12,Master!$G$5:$G$200,0)))) | P12: =IF(SUM(D12:O12)=0,"",SUM(D12:O12)) | R12: =IF(Master!D16="","",Master!D16)
A13: 9 | C13: =IF(B13="","",IF(ISNA(MATCH(B13,Master!$G$5:$G$200,0)),"",INDEX(Master!$H$5:$H$200,MATCH(B13,Master!$G$5:$G$200,0)))) | P13: =IF(SUM(D13:O13)=0,"",SUM(D13:O13)) | R13: =IF(Master!D17="","",Master!D17)
A14: 10 | C14: =IF(B14="","",IF(ISNA(MATCH(B14,Master!$G$5:$G$200,0)),"",INDEX(Master!$H$5:$H$200,MATCH(B14,Master!$G$5:$G$200,0)))) | P14: =IF(SUM(D14:O14)=0,"",SUM(D14:O14)) | R14: =IF(Master!D18="","",Master!D18)
A15: 11 | C15: =IF(B15="","",IF(ISNA(MATCH(B15,Master!$G$5:$G$200,0)),"",INDEX(Master!$H$5:$H$200,MATCH(B15,Master!$G$5:$G$200,0)))) | P15: =IF(SUM(D15:O15)=0,"",SUM(D15:O15)) | R15: =IF(Master!D19="","",Master!D19)
A16: 12 | C16: =IF(B16="","",IF(ISNA(MATCH(B16,Master!$G$5:$G$200,0)),"",INDEX(Master!$H$5:$H$200,MATCH(B16,Master!$G$5:$G$200,0)))) | P16: =IF(SUM(D16:O16)=0,"",SUM(D16:O16)) | R16: =IF(Master!D20="","",Master!D20)
... A64: 60 | C64: =IF(B64="","",IF(ISNA(MATCH(B64,Master!$G$5:$G$200,0)),"",INDEX(Master!$H$5:$H$200,MATCH(B64,Master!$G$5:$G$200,0)))) | P64: =IF(SUM(D64:O64)=0,"",SUM(D64:O64)) | R64: =IF(Master!D68="","",Master!D68)
R65: =IF(Master!D69="","",Master!D69)
R66: =IF(Master!D70="","",Master!D70)
R67: =IF(Master!D71="","",Master!D71)
R68: =IF(Master!D72="","",Master!D72)
R69: =IF(Master!D73="","",Master!D73)
R70: =IF(Master!D74="","",Master!D74)
R71: =IF(Master!D75="","",Master!D75)
R72: =IF(Master!D76="","",Master!D76)
R73: =IF(Master!D77="","",Master!D77)
R74: =IF(Master!D78="","",Master!D78)
R75: =IF(Master!D79="","",Master!D79)
R76: =IF(Master!D80="","",Master!D80)
... R100: =IF(Master!D104="","",Master!D104)

Sheet Price Quote
A1: Price List - Mobile Gallery | F1: =IF(Master!D5="","",Master!D5)
A2: Date | C2: Customer | F2: =IF(Master!D6="","",Master!D6)
F3: =IF(Master!D7="","",Master!D7)
A4: SR | B4: ITEM | C4: UNIT | D4: RATE (Rs.) | F4: =IF(Master!D8="","",Master!D8)
A5: 1 | C5: =IF(B5="","",IF(ISNA(MATCH(B5,Master!$G$5:$G$200,0)),"",INDEX(Master!$H$5:$H$200,MATCH(B5,Master!$G$5:$G$200,0)))) | D5: =IF(B5="","",IF(ISNA(MATCH(B5,Master!$G$5:$G$200,0)),"",INDEX(Master!$I$5:$I$200,MATCH(B5,Master!$G$5:$G$200,0)))) | F5: =IF(Master!D9="","",Master!D9)
A6: 2 | C6: =IF(B6="","",IF(ISNA(MATCH(B6,Master!$G$5:$G$200,0)),"",INDEX(Master!$H$5:$H$200,MATCH(B6,Master!$G$5:$G$200,0)))) | D6: =IF(B6="","",IF(ISNA(MATCH(B6,Master!$G$5:$G$200,0)),"",INDEX(Master!$I$5:$I$200,MATCH(B6,Master!$G$5:$G$200,0)))) | F6: =IF(Master!D10="","",Master!D10)
A7: 3 | C7: =IF(B7="","",IF(ISNA(MATCH(B7,Master!$G$5:$G$200,0)),"",INDEX(Master!$H$5:$H$200,MATCH(B7,Master!$G$5:$G$200,0)))) | D7: =IF(B7="","",IF(ISNA(MATCH(B7,Master!$G$5:$G$200,0)),"",INDEX(Master!$I$5:$I$200,MATCH(B7,Master!$G$5:$G$200,0)))) | F7: =IF(Master!D11="","",Master!D11)
A8: 4 | C8: =IF(B8="","",IF(ISNA(MATCH(B8,Master!$G$5:$G$200,0)),"",INDEX(Master!$H$5:$H$200,MATCH(B8,Master!$G$5:$G$200,0)))) | D8: =IF(B8="","",IF(ISNA(MATCH(B8,Master!$G$5:$G$200,0)),"",INDEX(Master!$I$5:$I$200,MATCH(B8,Master!$G$5:$G$200,0)))) | F8: =IF(Master!D12="","",Master!D12)
A9: 5 | C9: =IF(B9="","",IF(ISNA(MATCH(B9,Master!$G$5:$G$200,0)),"",INDEX(Master!$H$5:$H$200,MATCH(B9,Master!$G$5:$G$200,0)))) | D9: =IF(B9="","",IF(ISNA(MATCH(B9,Master!$G$5:$G$200,0)),"",INDEX(Master!$I$5:$I$200,MATCH(B9,Master!$G$5:$G$200,0)))) | F9: =IF(Master!D13="","",Master!D13)
A10: 6 | C10: =IF(B10="","",IF(ISNA(MATCH(B10,Master!$G$5:$G$200,0)),"",INDEX(Master!$H$5:$H$200,MATCH(B10,Master!$G$5:$G$200,0)))) | D10: =IF(B10="","",IF(ISNA(MATCH(B10,Master!$G$5:$G$200,0)),"",INDEX(Master!$I$5:$I$200,MATCH(B10,Master!$G$5:$G$200,0)))) | F10: =IF(Master!D14="","",Master!D14)
A11: 7 | C11: =IF(B11="","",IF(ISNA(MATCH(B11,Master!$G$5:$G$200,0)),"",INDEX(Master!$H$5:$H$200,MATCH(B11,Master!$G$5:$G$200,0)))) | D11: =IF(B11="","",IF(ISNA(MATCH(B11,Master!$G$5:$G$200,0)),"",INDEX(Master!$I$5:$I$200,MATCH(B11,Master!$G$5:$G$200,0)))) | F11: =IF(Master!D15="","",Master!D15)
A12: 8 | C12: =IF(B12="","",IF(ISNA(MATCH(B12,Master!$G$5:$G$200,0)),"",INDEX(Master!$H$5:$H$200,MATCH(B12,Master!$G$5:$G$200,0)))) | D12: =IF(B12="","",IF(ISNA(MATCH(B12,Master!$G$5:$G$200,0)),"",INDEX(Master!$I$5:$I$200,MATCH(B12,Master!$G$5:$G$200,0)))) | F12: =IF(Master!D16="","",Master!D16)
A13: 9 | C13: =IF(B13="","",IF(ISNA(MATCH(B13,Master!$G$5:$G$200,0)),"",INDEX(Master!$H$5:$H$200,MATCH(B13,Master!$G$5:$G$200,0)))) | D13: =IF(B13="","",IF(ISNA(MATCH(B13,Master!$G$5:$G$200,0)),"",INDEX(Master!$I$5:$I$200,MATCH(B13,Master!$G$5:$G$200,0)))) | F13: =IF(Master!D17="","",Master!D17)
A14: 10 | C14: =IF(B14="","",IF(ISNA(MATCH(B14,Master!$G$5:$G$200,0)),"",INDEX(Master!$H$5:$H$200,MATCH(B14,Master!$G$5:$G$200,0)))) | D14: =IF(B14="","",IF(ISNA(MATCH(B14,Master!$G$5:$G$200,0)),"",INDEX(Master!$I$5:$I$200,MATCH(B14,Master!$G$5:$G$200,0)))) | F14: =IF(Master!D18="","",Master!D18)
A15: 11 | C15: =IF(B15="","",IF(ISNA(MATCH(B15,Master!$G$5:$G$200,0)),"",INDEX(Master!$H$5:$H$200,MATCH(B15,Master!$G$5:$G$200,0)))) | D15: =IF(B15="","",IF(ISNA(MATCH(B15,Master!$G$5:$G$200,0)),"",INDEX(Master!$I$5:$I$200,MATCH(B15,Master!$G$5:$G$200,0)))) | F15: =IF(Master!D19="","",Master!D19)
A16: 12 | C16: =IF(B16="","",IF(ISNA(MATCH(B16,Master!$G$5:$G$200,0)),"",INDEX(Master!$H$5:$H$200,MATCH(B16,Master!$G$5:$G$200,0)))) | D16: =IF(B16="","",IF(ISNA(MATCH(B16,Master!$G$5:$G$200,0)),"",INDEX(Master!$I$5:$I$200,MATCH(B16,Master!$G$5:$G$200,0)))) | F16: =IF(Master!D20="","",Master!D20)
... A34: 30 | C34: =IF(B34="","",IF(ISNA(MATCH(B34,Master!$G$5:$G$200,0)),"",INDEX(Master!$H$5:$H$200,MATCH(B34,Master!$G$5:$G$200,0)))) | D34: =IF(B34="","",IF(ISNA(MATCH(B34,Master!$G$5:$G$200,0)),"",INDEX(Master!$I$5:$I$200,MATCH(B34,Master!$G$5:$G$200,0)))) | F34: =IF(Master!D38="","",Master!D38)
F35: =IF(Master!D39="","",Master!D39)
A36: Rate auto-fills from Master. Type over any rate cell to quote a different price for this customer only. | F36: =IF(Master!D40="","",Master!D40)
F37: =IF(Master!D41="","",Master!D41)
F38: =IF(Master!D42="","",Master!D42)
F39: =IF(Master!D43="","",Master!D43)
F40: =IF(Master!D44="","",Master!D44)
F41: =IF(Master!D45="","",Master!D45)
F42: =IF(Master!D46="","",Master!D46)
F43: =IF(Master!D47="","",Master!D47)
F44: =IF(Master!D48="","",Master!D48)
F45: =IF(Master!D49="","",Master!D49)
F46: =IF(Master!D50="","",Master!D50)
F47: =IF(Master!D51="","",Master!D51)
F48: =IF(Master!D52="","",Master!D52)
... F100: =IF(Master!D104="","",Master!D104)
