Workbook

Sheet Instructions
A1: Mobile Gallery - Daily Worksheet
A2: How to use this file / इस फाइल का इस्तेमाल कैसे करें
A4: Topic / विषय | B4: In English | C4: हिंदी में सरल भाषा
A5: Master sheet मास्टर शीट | B5: Master is where prices live. Update prices here anytime - Price List picks them up automatically. Yellow cells are editable. | C5: मास्टर में रेट रखो। यहाँ रेट बदलो - Price List में अपने आप आ जाएगा। पीले खाने बदल सकते हैं।
A6: Purchase List खरीदी लिस्ट | B6: Fill Date. In row 4 pick each client from the yellow header dropdowns above the quantity columns. For each item row: pick ITEM from the dropdown, then type quantity for each client. UNIT and TOTAL fill automatically. | C6: तारीख भरें। पंक्ति 4 में हर पीले खाने में ड्रॉपडाउन से ग्राहक चुनें। हर लाइन: चीज़ ड्रॉपडाउन से चुनें, फिर हर ग्राहक की मात्रा लिखें। यूनिट और कुल जोड़ अपने आप।
A7: Price List प्राइस लिस्ट | B7: Fill Date, pick Customer from dropdown. Pick items - rate auto-fills from Master. To quote a different price to this customer, type over the rate cell. | C7: तारीख भरें, ग्राहक चुनें। चीज़ें चुनें - रेट मास्टर से आ जाएगा। अलग रेट बताना है तो रेट के खाने में ऊपर से नया नंबर लिख दो।
A8: Update a price रेट बदलें | B8: One step: Master sheet, column G. Any rate cell in Price List that you have NOT typed over updates automatically. | C8: एक कदम: मास्टर शीट, G कॉलम। Price List में जहाँ आपने खुद नहीं लिखा है वो अपने आप बदल जाएगा।
A9: Add a NEW item / client नयी चीज़ / ग्राहक | B9: One-time: just type it in the yellow cell. Excel may show a warning - click 'Yes' to keep it. Permanent (in dropdown): send us the new item / client and we'll rebuild the file. | C9: एक बार के लिए: पीले खाने में सीधे लिख दो। Excel warning दे तो 'Yes' दबा दो। पक्का ड्रॉपडाउन में जोड़ना है: हमें भेजो, फाइल फिर से बना देंगे।
A10: Add a new price नया रेट डालें | B10: Type new price in Master column G. Done. | C10: मास्टर G कॉलम में नया रेट डाल दो। बस।
A11: Print प्रिंट | B11: Ctrl + P. Purchase List prints landscape, Price List prints portrait. Header repeats on every page. | C11: Ctrl + P दबाओ। खरीदी लिस्ट landscape, प्राइस लिस्ट portrait में। हर पन्ने पर हैडर।
A12: Save daily copy रोज़ नई फाइल | B12: File > Save As before starting a new day. Then clear the yellow cells. Master stays untouched. | C12: नए दिन से पहले File > Save As। फिर पीले खाने खाली कर दो। मास्टर वैसे ही।
A13: Colour guide रंग समझें | B13: Yellow = editable. Blue = auto-calculated. Dark = header, do not touch. | C13: पीला = बदल सकते हैं। नीला = अपने आप। गहरा = हैडर।

Sheet Master
A1: Master Data - Mobile Gallery
A2: Yellow cells are editable. Update prices here anytime - Price List will pick them up automatically.
A4: Code | B4: Client / Customer Name | D4: Category | E4: Item | F4: Default Unit | G4: Price (Rs.) | I4: Units
A5: FS | B5: Fountainhead School | D5: VEG | E5: POTATO | F5: KG | I5: KG
A6: GD | B6: G International-1 (Dandi) | D6: VEG | E6: ONION | F6: KG | I6: DOZEN
A7: GDG | B7: G International-2 (DG Corp) | D7: VEG | E7: TOMATO | F7: KG | I7: PCS
A8: GM | B8: Gyan Mudra | D8: VEG | E8: GARLIC (LASUN) | F8: KG | I8: GM
A9: JNVV | B9: JNV (Vankal) | D9: VEG | E9: GINGER (ADRAK) | F9: KG | I9: PACKET
A10: JNVB | B10: JNV (Bhajipura) | D10: VEG | E10: GREEN CHILLY | F10: KG | I10: BUNCH
A11: GKU | B11: Gurukrupa (Udhna) | D11: VEG | E11: FAFADA MIRCH | F11: KG | I11: BUNDLE
D12: VEG | E12: CORIANDER (DHANIYA) | F12: KG | I12: BOX
D13: VEG | E13: KOBICH | F13: KG | I13: CRATE
D14: VEG | E14: GAULI FLOWER | F14: KG | I14: LITRE
D15: VEG | E15: BINAPATTE KA FLOWER | F15: KG | I15: GUNI
D16: VEG | E16: LAUKI | F16: KG
D17: VEG | E17: BHINDI | F17: KG
D18: VEG | E18: BRINJAL | F18: KG
D19: VEG | E19: TINDORA | F19: KG
D20: VEG | E20: PARVAL | F20: KG
D21: VEG | E21: TURIYA | F21: KG
D22: VEG | E22: SIMLA MIRCH | F22: KG
D23: VEG | E23: FANSI | F23: KG
D24: VEG | E24: GUVAR | F24: KG
D25: VEG | E25: SARAGVA SING | F25: KG
D26: VEG | E26: GREEN PEACE | F26: KG
D27: VEG | E27: KATARGAM PAP | F27: KG
... D76: OTHER | E76: PAV BHAJI / DABELI PAV | F76: PCS

Sheet Purchase List
A1: Purchase List - Mobile Gallery
A2: Date | D2: Notes
A4: SR | B4: ITEM | C4: UNIT | P4: TOTAL
A5: 1 | C5: =IFERROR(IF(B5="","",INDEX(Master!$F$5:$F$200,MATCH(B5,Master!$E$5:$E$200,0))),"") | P5: =IF(SUM(D5:O5)=0,"",SUM(D5:O5))
A6: 2 | C6: =IFERROR(IF(B6="","",INDEX(Master!$F$5:$F$200,MATCH(B6,Master!$E$5:$E$200,0))),"") | P6: =IF(SUM(D6:O6)=0,"",SUM(D6:O6))
A7: 3 | C7: =IFERROR(IF(B7="","",INDEX(Master!$F$5:$F$200,MATCH(B7,Master!$E$5:$E$200,0))),"") | P7: =IF(SUM(D7:O7)=0,"",SUM(D7:O7))
A8: 4 | C8: =IFERROR(IF(B8="","",INDEX(Master!$F$5:$F$200,MATCH(B8,Master!$E$5:$E$200,0))),"") | P8: =IF(SUM(D8:O8)=0,"",SUM(D8:O8))
A9: 5 | C9: =IFERROR(IF(B9="","",INDEX(Master!$F$5:$F$200,MATCH(B9,Master!$E$5:$E$200,0))),"") | P9: =IF(SUM(D9:O9)=0,"",SUM(D9:O9))
A10: 6 | C10: =IFERROR(IF(B10="","",INDEX(Master!$F$5:$F$200,MATCH(B10,Master!$E$5:$E$200,0))),"") | P10: =IF(SUM(D10:O10)=0,"",SUM(D10:O10))
A11: 7 | C11: =IFERROR(IF(B11="","",INDEX(Master!$F$5:$F$200,MATCH(B11,Master!$E$5:$E$200,0))),"") | P11: =IF(SUM(D11:O11)=0,"",SUM(D11:O11))
A12: 8 | C12: =IFERROR(IF(B12="","",INDEX(Master!$F$5:$F$200,MATCH(B12,Master!$E$5:$E$200,0))),"") | P12: =IF(SUM(D12:O12)=0,"",SUM(D12:O12))
A13: 9 | C13: =IFERROR(IF(B13="","",INDEX(Master!$F$5:$F$200,MATCH(B13,Master!$E$5:$E$200,0))),"") | P13: =IF(SUM(D13:O13)=0,"",SUM(D13:O13))
A14: 10 | C14: =IFERROR(IF(B14="","",INDEX(Master!$F$5:$F$200,MATCH(B14,Master!$E$5:$E$200,0))),"") | P14: =IF(SUM(D14:O14)=0,"",SUM(D14:O14))
A15: 11 | C15: =IFERROR(IF(B15="","",INDEX(Master!$F$5:$F$200,MATCH(B15,Master!$E$5:$E$200,0))),"") | P15: =IF(SUM(D15:O15)=0,"",SUM(D15:O15))
A16: 12 | C16: =IFERROR(IF(B16="","",INDEX(Master!$F$5:$F$200,MATCH(B16,Master!$E$5:$E$200,0))),"") | P16: =IF(SUM(D16:O16)=0,"",SUM(D16:O16))
... A64: 60 | C64: =IFERROR(IF(B64="","",INDEX(Master!$F$5:$F$200,MATCH(B64,Master!$E$5:$E$200,0))),"") | P64: =IF(SUM(D64:O64)=0,"",SUM(D64:O64))

Sheet Price Quote
A1: Price List - Mobile Gallery
A2: Date | C2: Customer
A4: SR | B4: ITEM | C4: UNIT | D4: RATE (Rs.)
A5: 1 | C5: =IFERROR(IF(B5="","",INDEX(Master!$F$5:$F$200,MATCH(B5,Master!$E$5:$E$200,0))),"") | D5: =IFERROR(IF(B5="","",INDEX(Master!$G$5:$G$200,MATCH(B5,Master!$E$5:$E$200,0))),"")
A6: 2 | C6: =IFERROR(IF(B6="","",INDEX(Master!$F$5:$F$200,MATCH(B6,Master!$E$5:$E$200,0))),"") | D6: =IFERROR(IF(B6="","",INDEX(Master!$G$5:$G$200,MATCH(B6,Master!$E$5:$E$200,0))),"")
A7: 3 | C7: =IFERROR(IF(B7="","",INDEX(Master!$F$5:$F$200,MATCH(B7,Master!$E$5:$E$200,0))),"") | D7: =IFERROR(IF(B7="","",INDEX(Master!$G$5:$G$200,MATCH(B7,Master!$E$5:$E$200,0))),"")
A8: 4 | C8: =IFERROR(IF(B8="","",INDEX(Master!$F$5:$F$200,MATCH(B8,Master!$E$5:$E$200,0))),"") | D8: =IFERROR(IF(B8="","",INDEX(Master!$G$5:$G$200,MATCH(B8,Master!$E$5:$E$200,0))),"")
A9: 5 | C9: =IFERROR(IF(B9="","",INDEX(Master!$F$5:$F$200,MATCH(B9,Master!$E$5:$E$200,0))),"") | D9: =IFERROR(IF(B9="","",INDEX(Master!$G$5:$G$200,MATCH(B9,Master!$E$5:$E$200,0))),"")
A10: 6 | C10: =IFERROR(IF(B10="","",INDEX(Master!$F$5:$F$200,MATCH(B10,Master!$E$5:$E$200,0))),"") | D10: =IFERROR(IF(B10="","",INDEX(Master!$G$5:$G$200,MATCH(B10,Master!$E$5:$E$200,0))),"")
A11: 7 | C11: =IFERROR(IF(B11="","",INDEX(Master!$F$5:$F$200,MATCH(B11,Master!$E$5:$E$200,0))),"") | D11: =IFERROR(IF(B11="","",INDEX(Master!$G$5:$G$200,MATCH(B11,Master!$E$5:$E$200,0))),"")
A12: 8 | C12: =IFERROR(IF(B12="","",INDEX(Master!$F$5:$F$200,MATCH(B12,Master!$E$5:$E$200,0))),"") | D12: =IFERROR(IF(B12="","",INDEX(Master!$G$5:$G$200,MATCH(B12,Master!$E$5:$E$200,0))),"")
A13: 9 | C13: =IFERROR(IF(B13="","",INDEX(Master!$F$5:$F$200,MATCH(B13,Master!$E$5:$E$200,0))),"") | D13: =IFERROR(IF(B13="","",INDEX(Master!$G$5:$G$200,MATCH(B13,Master!$E$5:$E$200,0))),"")
A14: 10 | C14: =IFERROR(IF(B14="","",INDEX(Master!$F$5:$F$200,MATCH(B14,Master!$E$5:$E$200,0))),"") | D14: =IFERROR(IF(B14="","",INDEX(Master!$G$5:$G$200,MATCH(B14,Master!$E$5:$E$200,0))),"")
A15: 11 | C15: =IFERROR(IF(B15="","",INDEX(Master!$F$5:$F$200,MATCH(B15,Master!$E$5:$E$200,0))),"") | D15: =IFERROR(IF(B15="","",INDEX(Master!$G$5:$G$200,MATCH(B15,Master!$E$5:$E$200,0))),"")
A16: 12 | C16: =IFERROR(IF(B16="","",INDEX(Master!$F$5:$F$200,MATCH(B16,Master!$E$5:$E$200,0))),"") | D16: =IFERROR(IF(B16="","",INDEX(Master!$G$5:$G$200,MATCH(B16,Master!$E$5:$E$200,0))),"")
... A34: 30 | C34: =IFERROR(IF(B34="","",INDEX(Master!$F$5:$F$200,MATCH(B34,Master!$E$5:$E$200,0))),"") | D34: =IFERROR(IF(B34="","",INDEX(Master!$G$5:$G$200,MATCH(B34,Master!$E$5:$E$200,0))),"")
A36: Rate auto-fills from Master. Type over any rate cell to quote a different price for this customer only.
