Workbook
Name ClientList: OFFSET(Master!$B$5,0,0,MAX(1,COUNTA(Master!$B$5:$B$100)),1)
Name ItemList: OFFSET(Master!$E$5,0,0,MAX(1,COUNTA(Master!$E$5:$E$200)),1)
Name UnitList: OFFSET(Master!$I$5,0,0,MAX(1,COUNTA(Master!$I$5:$I$40)),1)

Sheet Instructions
A1: Mobile Gallery - Daily Worksheet
A2: How to use this file / इस फाइल का इस्तेमाल कैसे करें
A4: Topic / विषय | B4: In English | C4: हिंदी में सरल भाषा
A5: Master sheet मास्टर शीट | B5: Master holds codes, client names, categories, items, units and prices. Yellow cells are editable. Update prices here anytime - Price List picks them up automatically. | C5: मास्टर में code, ग्राहक नाम, category, चीज़ें, यूनिट और रेट हैं। पीले खाने बदल सकते हैं। यहाँ रेट बदलो - Price List में अपने आप आ जाएगा।
A6: Purchase List - client row खरीदी लिस्ट का ग्राहक भाग | B6: Row 4 is the yellow "client selector" row. Click any of the yellow cells and pick a client from the dropdown - the dropdown lists FULL client names. As soon as you pick a name, the dark header row below (row 5) shows that client's short CODE (e.g. FS, GDG). Quantities go in the item rows below. | C6: पंक्ति 4 पीली "ग्राहक चुनने वाली" पंक्ति है। पीले खाने पर क्लिक करके ड्रॉपडाउन से ग्राहक चुनो - ड्रॉपडाउन में ग्राहक का पूरा नाम आता है। नाम चुनते ही नीचे पंक्ति 5 (डार्क हैडर) में उसका short CODE (जैसे FS, GDG) दिख जाएगा। मात्रा नीचे item लाइन में लिखो।
A7: Purchase List - items खरीदी लिस्ट - चीज़ें | B7: For each item row (from row 6): pick ITEM from the dropdown, then type the quantity each client wants. UNIT and TOTAL fill automatically. | C7: हर item लाइन में (पंक्ति 6 से): ITEM ड्रॉपडाउन से चुनें, फिर हर ग्राहक की मात्रा लिखें। UNIT और TOTAL अपने आप।
A8: Price List प्राइस लिस्ट | B8: Fill Date and pick Customer from dropdown - customer field shows the full name. Pick items - rate auto-fills from Master. To quote a different price for this customer, type over the rate cell. | C8: तारीख भरें और ग्राहक ड्रॉपडाउन से चुनें - customer में पूरा नाम आएगा। चीज़ें चुनें - रेट मास्टर से आ जाएगा। अलग रेट बताना है तो रेट के खाने में ऊपर से नया नंबर लिख दो।
A9: Update a price रेट बदलें | B9: One step: Master sheet, column G. Any rate cell in Price List that you have NOT typed over updates automatically. | C9: एक कदम: मास्टर शीट, G कॉलम। Price List में जहाँ आपने खुद नहीं लिखा है वो अपने आप बदल जाएगा।
A10: Add a NEW item / client नयी चीज़ / ग्राहक | B10: One-time: just type it in the yellow cell. A warning may appear - click 'Yes' to keep it. Permanent (in dropdown): send us the new item / client and we'll rebuild the file. | C10: एक बार के लिए: पीले खाने में सीधे लिख दो। Warning आए तो 'Yes' दबा दो। पक्का ड्रॉपडाउन में जोड़ना है: हमें भेजो, फाइल फिर से बना देंगे।
A11: Print प्रिंट | B11: Ctrl + P. Purchase List prints landscape - the code row repeats on every page; the yellow selector row only appears on the first page. Price List prints portrait. | C11: Ctrl + P दबाओ। खरीदी लिस्ट landscape - CODE वाली पंक्ति हर पन्ने पर आएगी, पीली selector पंक्ति सिर्फ पहले पन्ने पर। प्राइस लिस्ट portrait।
A12: Save daily copy रोज़ नई फाइल | B12: File > Save As before starting a new day. Then clear the yellow cells. Master stays untouched. | C12: नए दिन से पहले File > Save As। फिर पीले खाने खाली कर दो।
A13: Colour guide रंग समझें | B13: Yellow = editable. Blue = auto-calculated. Dark = header. | C13: पीला = बदल सकते हैं। नीला = अपने आप। गहरा = हैडर।

Sheet Master
A1: Master Data - Mobile Gallery
A2: Yellow cells are editable. Update prices here anytime - Price List picks them up automatically.
A4: Code | B4: Client / Customer Name | D4: Category | E4: Item | F4: Default Unit | G4: Price (Rs.) | I4: Units
A5: FS | B5: Fountainhead School | D5: VEG | E5: POTATO | F5: KG | I5: KG
A6: GD | B6: G International-1 (Dandi) | D6: VEG | E6: ONION | F6: KG | I6: DOZEN
A7: GDG | B7: G International-2 (DG Corp) | D7: VEG | E7: TOMATO | F7: KG | I7: PCS
A8: GM | B8: Gyan Mudra | D8: VEG | E8: GARLIC (LASUN) | F8: KG | I8: GM
A9: JNVV | B9: JNV (Vankal) | D9: VEG | E9: GINGER (ADRAK) | F9: KG | I9: PACKET
A10: JNVB | B10: JNV (Bhajipura) | D10: VEG | E10: GREEN CHILLY | F10: KG | I10: BUNCH
A11: GKU | B11: Gurukrupa (Udhna) | D11: VEG | E11: FAFADA MIRCH | F11: KG | I11: BUNDLE
D12: VEG | E12: CORIANDER (DHANIYA) | F12: KG | I12: BOX
D13: VEG | E13: KOBICH | F13: KG | I13: CRATE
D14: VEG | E14: GAULI FLOWER | F14: KG | I14: LITRE
D15: VEG | E15: BINAPATTE KA FLOWER | F15: KG | I15: GUNI
D16: VEG | E16: LAUKI | F16: KG
D17: VEG | E17: BHINDI | F17: KG
D18: VEG | E18: BRINJAL | F18: KG
D19: VEG | E19: TINDORA | F19: KG
D20: VEG | E20: PARVAL | F20: KG
D21: VEG | E21: TURIYA | F21: KG
D22: VEG | E22: SIMLA MIRCH | F22: KG
D23: VEG | E23: FANSI | F23: KG
D24: VEG | E24: GUVAR | F24: KG
D25: VEG | E25: SARAGVA SING | F25: KG
D26: VEG | E26: GREEN PEACE | F26: KG
D27: VEG | E27: KATARGAM PAP | F27: KG
... D76: OTHER | E76: PAV BHAJI / DABELI PAV | F76: PCS

Sheet Purchase List
A1: Purchase List - Mobile Gallery
A2: Date | D2: Notes
A4: Pick clients ->
A5: SR | B5: ITEM | C5: UNIT | D5: =IF(D4="","",IF(ISNA(MATCH(D4,Master!$B$5:$B$100,0)),"",INDEX(Master!$A$5:$A$100,MATCH(D4,Master!$B$5:$B$100,0)))) | E5: =IF(E4="","",IF(ISNA(MATCH(E4,Master!$B$5:$B$100,0)),"",INDEX(Master!$A$5:$A$100,MATCH(E4,Master!$B$5:$B$100,0)))) | F5: =IF(F4="","",IF(ISNA(MATCH(F4,Master!$B$5:$B$100,0)),"",INDEX(Master!$A$5:$A$100,MATCH(F4,Master!$B$5:$B$100,0)))) | G5: =IF(G4="","",IF(ISNA(MATCH(G4,Master!$B$5:$B$100,0)),"",INDEX(Master!$A$5:$A$100,MATCH(G4,Master!$B$5:$B$100,0)))) | H5: =IF(H4="","",IF(ISNA(MATCH(H4,Master!$B$5:$B$100,0)),"",INDEX(Master!$A$5:$A$100,MATCH(H4,Master!$B$5:$B$100,0)))) | I5: =IF(I4="","",IF(ISNA(MATCH(I4,Master!$B$5:$B$100,0)),"",INDEX(Master!$A$5:$A$100,MATCH(I4,Master!$B$5:$B$100,0)))) | J5: =IF(J4="","",IF(ISNA(MATCH(J4,Master!$B$5:$B$100,0)),"",INDEX(Master!$A$5:$A$100,MATCH(J4,Master!$B$5:$B$100,0)))) | K5: =IF(K4="","",IF(ISNA(MATCH(K4,Master!$B$5:$B$100,0)),"",INDEX(Master!$A$5:$A$100,MATCH(K4,Master!$B$5:$B$100,0)))) | ... O5: =IF(O4="","",IF(ISNA(MATCH(O4,Master!$B$5:$B$100,0)),"",INDEX(Master!$A$5:$A$100,MATCH(O4,Master!$B$5:$B$100,0)))) | P5: TOTAL
A6: 1 | C6: =IF(B6="","",IF(ISNA(MATCH(B6,Master!$E$5:$E$200,0)),"",INDEX(Master!$F$5:$F$200,MATCH(B6,Master!$E$5:$E$200,0)))) | P6: =IF(SUM(D6:O6)=0,"",SUM(D6:O6))
A7: 2 | C7: =IF(B7="","",IF(ISNA(MATCH(B7,Master!$E$5:$E$200,0)),"",INDEX(Master!$F$5:$F$200,MATCH(B7,Master!$E$5:$E$200,0)))) | P7: =IF(SUM(D7:O7)=0,"",SUM(D7:O7))
A8: 3 | C8: =IF(B8="","",IF(ISNA(MATCH(B8,Master!$E$5:$E$200,0)),"",INDEX(Master!$F$5:$F$200,MATCH(B8,Master!$E$5:$E$200,0)))) | P8: =IF(SUM(D8:O8)=0,"",SUM(D8:O8))
A9: 4 | C9: =IF(B9="","",IF(ISNA(MATCH(B9,Master!$E$5:$E$200,0)),"",INDEX(Master!$F$5:$F$200,MATCH(B9,Master!$E$5:$E$200,0)))) | P9: =IF(SUM(D9:O9)=0,"",SUM(D9:O9))
A10: 5 | C10: =IF(B10="","",IF(ISNA(MATCH(B10,Master!$E$5:$E$200,0)),"",INDEX(Master!$F$5:$F$200,MATCH(B10,Master!$E$5:$E$200,0)))) | P10: =IF(SUM(D10:O10)=0,"",SUM(D10:O10))
A11: 6 | C11: =IF(B11="","",IF(ISNA(MATCH(B11,Master!$E$5:$E$200,0)),"",INDEX(Master!$F$5:$F$200,MATCH(B11,Master!$E$5:$E$200,0)))) | P11: =IF(SUM(D11:O11)=0,"",SUM(D11:O11))
A12: 7 | C12: =IF(B12="","",IF(ISNA(MATCH(B12,Master!$E$5:$E$200,0)),"",INDEX(Master!$F$5:$F$200,MATCH(B12,Master!$E$5:$E$200,0)))) | P12: =IF(SUM(D12:O12)=0,"",SUM(D12:O12))
A13: 8 | C13: =IF(B13="","",IF(ISNA(MATCH(B13,Master!$E$5:$E$200,0)),"",INDEX(Master!$F$5:$F$200,MATCH(B13,Master!$E$5:$E$200,0)))) | P13: =IF(SUM(D13:O13)=0,"",SUM(D13:O13))
A14: 9 | C14: =IF(B14="","",IF(ISNA(MATCH(B14,Master!$E$5:$E$200,0)),"",INDEX(Master!$F$5:$F$200,MATCH(B14,Master!$E$5:$E$200,0)))) | P14: =IF(SUM(D14:O14)=0,"",SUM(D14:O14))
A15: 10 | C15: =IF(B15="","",IF(ISNA(MATCH(B15,Master!$E$5:$E$200,0)),"",INDEX(Master!$F$5:$F$200,MATCH(B15,Master!$E$5:$E$200,0)))) | P15: =IF(SUM(D15:O15)=0,"",SUM(D15:O15))
A16: 11 | C16: =IF(B16="","",IF(ISNA(MATCH(B16,Master!$E$5:$E$200,0)),"",INDEX(Master!$F$5:$F$200,MATCH(B16,Master!$E$5:$E$200,0)))) | P16: =IF(SUM(D16:O16)=0,"",SUM(D16:O16))
A17: 12 | C17: =IF(B17="","",IF(ISNA(MATCH(B17,Master!$E$5:$E$200,0)),"",INDEX(Master!$F$5:$F$200,MATCH(B17,Master!$E$5:$E$200,0)))) | P17: =IF(SUM(D17:O17)=0,"",SUM(D17:O17))
... A65: 60 | C65: =IF(B65="","",IF(ISNA(MATCH(B65,Master!$E$5:$E$200,0)),"",INDEX(Master!$F$5:$F$200,MATCH(B65,Master!$E$5:$E$200,0)))) | P65: =IF(SUM(D65:O65)=0,"",SUM(D65:O65))

Sheet Price Quote
A1: Price List - Mobile Gallery
A2: Date | C2: Customer
A4: SR | B4: ITEM | C4: UNIT | D4: RATE (Rs.)
A5: 1 | C5: =IF(B5="","",IF(ISNA(MATCH(B5,Master!$E$5:$E$200,0)),"",INDEX(Master!$F$5:$F$200,MATCH(B5,Master!$E$5:$E$200,0)))) | D5: =IF(B5="","",IF(ISNA(MATCH(B5,Master!$E$5:$E$200,0)),"",INDEX(Master!$G$5:$G$200,MATCH(B5,Master!$E$5:$E$200,0))))
A6: 2 | C6: =IF(B6="","",IF(ISNA(MATCH(B6,Master!$E$5:$E$200,0)),"",INDEX(Master!$F$5:$F$200,MATCH(B6,Master!$E$5:$E$200,0)))) | D6: =IF(B6="","",IF(ISNA(MATCH(B6,Master!$E$5:$E$200,0)),"",INDEX(Master!$G$5:$G$200,MATCH(B6,Master!$E$5:$E$200,0))))
A7: 3 | C7: =IF(B7="","",IF(ISNA(MATCH(B7,Master!$E$5:$E$200,0)),"",INDEX(Master!$F$5:$F$200,MATCH(B7,Master!$E$5:$E$200,0)))) | D7: =IF(B7="","",IF(ISNA(MATCH(B7,Master!$E$5:$E$200,0)),"",INDEX(Master!$G$5:$G$200,MATCH(B7,Master!$E$5:$E$200,0))))
A8: 4 | C8: =IF(B8="","",IF(ISNA(MATCH(B8,Master!$E$5:$E$200,0)),"",INDEX(Master!$F$5:$F$200,MATCH(B8,Master!$E$5:$E$200,0)))) | D8: =IF(B8="","",IF(ISNA(MATCH(B8,Master!$E$5:$E$200,0)),"",INDEX(Master!$G$5:$G$200,MATCH(B8,Master!$E$5:$E$200,0))))
A9: 5 | C9: =IF(B9="","",IF(ISNA(MATCH(B9,Master!$E$5:$E$200,0)),"",INDEX(Master!$F$5:$F$200,MATCH(B9,Master!$E$5:$E$200,0)))) | D9: =IF(B9="","",IF(ISNA(MATCH(B9,Master!$E$5:$E$200,0)),"",INDEX(Master!$G$5:$G$200,MATCH(B9,Master!$E$5:$E$200,0))))
A10: 6 | C10: =IF(B10="","",IF(ISNA(MATCH(B10,Master!$E$5:$E$200,0)),"",INDEX(Master!$F$5:$F$200,MATCH(B10,Master!$E$5:$E$200,0)))) | D10: =IF(B10="","",IF(ISNA(MATCH(B10,Master!$E$5:$E$200,0)),"",INDEX(Master!$G$5:$G$200,MATCH(B10,Master!$E$5:$E$200,0))))
A11: 7 | C11: =IF(B11="","",IF(ISNA(MATCH(B11,Master!$E$5:$E$200,0)),"",INDEX(Master!$F$5:$F$200,MATCH(B11,Master!$E$5:$E$200,0)))) | D11: =IF(B11="","",IF(ISNA(MATCH(B11,Master!$E$5:$E$200,0)),"",INDEX(Master!$G$5:$G$200,MATCH(B11,Master!$E$5:$E$200,0))))
A12: 8 | C12: =IF(B12="","",IF(ISNA(MATCH(B12,Master!$E$5:$E$200,0)),"",INDEX(Master!$F$5:$F$200,MATCH(B12,Master!$E$5:$E$200,0)))) | D12: =IF(B12="","",IF(ISNA(MATCH(B12,Master!$E$5:$E$200,0)),"",INDEX(Master!$G$5:$G$200,MATCH(B12,Master!$E$5:$E$200,0))))
A13: 9 | C13: =IF(B13="","",IF(ISNA(MATCH(B13,Master!$E$5:$E$200,0)),"",INDEX(Master!$F$5:$F$200,MATCH(B13,Master!$E$5:$E$200,0)))) | D13: =IF(B13="","",IF(ISNA(MATCH(B13,Master!$E$5:$E$200,0)),"",INDEX(Master!$G$5:$G$200,MATCH(B13,Master!$E$5:$E$200,0))))
A14: 10 | C14: =IF(B14="","",IF(ISNA(MATCH(B14,Master!$E$5:$E$200,0)),"",INDEX(Master!$F$5:$F$200,MATCH(B14,Master!$E$5:$E$200,0)))) | D14: =IF(B14="","",IF(ISNA(MATCH(B14,Master!$E$5:$E$200,0)),"",INDEX(Master!$G$5:$G$200,MATCH(B14,Master!$E$5:$E$200,0))))
A15: 11 | C15: =IF(B15="","",IF(ISNA(MATCH(B15,Master!$E$5:$E$200,0)),"",INDEX(Master!$F$5:$F$200,MATCH(B15,Master!$E$5:$E$200,0)))) | D15: =IF(B15="","",IF(ISNA(MATCH(B15,Master!$E$5:$E$200,0)),"",INDEX(Master!$G$5:$G$200,MATCH(B15,Master!$E$5:$E$200,0))))
A16: 12 | C16: =IF(B16="","",IF(ISNA(MATCH(B16,Master!$E$5:$E$200,0)),"",INDEX(Master!$F$5:$F$200,MATCH(B16,Master!$E$5:$E$200,0)))) | D16: =IF(B16="","",IF(ISNA(MATCH(B16,Master!$E$5:$E$200,0)),"",INDEX(Master!$G$5:$G$200,MATCH(B16,Master!$E$5:$E$200,0))))
... A34: 30 | C34: =IF(B34="","",IF(ISNA(MATCH(B34,Master!$E$5:$E$200,0)),"",INDEX(Master!$F$5:$F$200,MATCH(B34,Master!$E$5:$E$200,0)))) | D34: =IF(B34="","",IF(ISNA(MATCH(B34,Master!$E$5:$E$200,0)),"",INDEX(Master!$G$5:$G$200,MATCH(B34,Master!$E$5:$E$200,0))))
A36: Rate auto-fills from Master. Type over any rate cell to quote a different price for this customer only.
